0	15	75	2746855317587854143
1	235	2721	17657317076932247203
2	16	62	377754594315794427
3	267	3368	16343917177027415421
4	12	29	1082087189596130974
5	72	606	12672751651304936611
6	17	64	8867286188863558110
7	266	3364	12170089899401017128
8	17	56	12435864167680024565
9	6	13	16387006206768842446
10	17	64	8867286188863558110
11	587	7447	16189204285404315177
12	18	72	3090150035022092783
13	297	4083	1294556092123563722
14	11	41	2520461296634429841
15	25	115	6506088802126783010
16	17	72	3051577149937185065
17	271	3392	12590559178621820764
18	297	4083	1294556092123563722
19	11	32	8775387488371908376
20	14	41	7822629374252497254
21	416	5619	10996445686834490027
22	6	12	278009595337996083
23	9	26	12345079749368763032
24	8	17	4305709948312731665
25	37	285	16654308277128892117
26	40	315	17373718770049262170
27	267	3369	14705564949962472545
28	47	380	2973918145552637526
29	4	6	10306432165818604251
30	21	102	8892353980954800528
31	18	69	591631458948736112
32	266	3364	12170089899401017128
33	4	6	10306432165818604251
34	17	73	10308881893194493203
35	266	3364	12170089899401017128
36	13	47	13735880806820244878
37	266	3364	12170089899401017128
38	381	4651	3002188660691443037
39	4	6	8100686893693778931
40	10	30	2608469348978125150
41	68	539	5462731263921751934
42	266	3364	12170089899401017128
43	7	21	8917727946115927238
44	4	6	10306432165818604251
45	36	183	8505993691299821052
46	266	3364	12170089899401017128
47	8	17	4305709948312731665
48	8	17	4305709948312731665
49	41	246	18023628777610721187
50	8	17	976792892860894861
51	19	67	13705098778278304681
52	4	4	10373963465478228636
53	266	3364	12170089899401017128
54	31	205	16377575223764471698
55	1005	12271	5036277239041285210
56	266	3364	12170089899401017128
57	518	6685	5891147327034878468
58	291	4013	12490222239736857804
59	266	3364	12170089899401017128
60	2	1	14953587267854865771
61	162	1742	14391853356281868168
62	32	218	13359847271993967542
63	179	1971	12199645339016713852
64	269	3380	17770910207961852276
65	7	17	13713571970051667530
66	266	3364	12170089899401017128
67	14	64	17391032295684119587
68	13	36	16204964650931565811
69	20	93	6443138841011650709
70	6	9	4563006037242340624
71	416	5619	10996445686834490027
72	5	8	6407328219885135852
73	64	517	5123458197277030502
74	21	102	8892353980954800528
75	225	2634	10794787739567252887
76	36	183	8505993691299821052
77	36	183	8505993691299821052
78	13	33	16684025967732118602
79	48	313	7724022313930198400
80	59	458	12524077112114105415
81	39	215	17359678839862316978
82	59	458	12524077112114105415
83	8	17	4305709948312731665
84	43	270	2803517876232651025
85	22	91	10209031292767830280
86	28	111	8004519800516901405
87	49	279	5014400791927955404
88	11	32	8775387488371908376
