0	790	1038	13952537779204244724
1	309	353	8318859215663579446
2	682	944	12504570933475026052
3	282	314	1854100599826878517
4	201	214	12012981438777550538
5	410	473	10036059527692081832
6	532	654	783488232624836961
7	454	534	17125772499886667307
8	644	831	3707604105070288173
9	655	837	14844037384911785413
10	165	172	18011180365021049261
11	543	651	13079065010878350103
12	322	383	6982581799068663873
13	111	121	10032494493428637110
14	940	1337	4395452455106032227
15	295	331	6535775204912116797
16	306	346	2220573577459668425
17	365	449	10461379160763199516
18	477	570	7992978252025786455
19	250	277	5524554625325403577
20	924	1297	12767208343617186902
21	1610	2634	17624856392493189458
22	509	649	16586725583264776447
23	561	706	427631103220438229
24	597	736	2485078224286191179
25	310	357	13883242805322532493
26	166	171	10208535248736302161
27	564	686	9108592045021230208
28	689	868	16801184642213331689
29	791	1059	11416928326558640847
30	33	30	7351764152807486979
31	217	238	16157268598300608215
32	847	1108	1774881306522677939
33	150	171	7763307916382509334
34	1156	1731	6451316831002142727
35	490	615	4917053187743407092
36	174	183	3954047701378521235
37	308	354	9986900398998628265
38	711	1020	14166423524872551961
39	365	414	1754635678700903135
40	583	787	9758368507593242015
41	921	1302	4007090651514421036
42	280	304	9422735040351375168
43	995	1429	4644923000703017264
44	718	951	4385991424865583340
45	242	258	9943489279489788397
46	1051	1418	5016061597803498405
47	105	104	10409899234477250911
48	661	857	223984999333426738
49	154	163	5512977494313625967
50	808	1100	15174479047648174226
51	307	337	13158119112328357884
52	662	837	14986920991292616039
53	662	895	5774281942877858972
54	318	354	4178805785786082110
55	1296	1947	10107285034421707207
56	168	184	15970486531644707483
57	1197	1800	2133346550836904837
58	245	267	11834309119674052144
59	196	205	2363535754012117959
60	600	786	754098791984711240
61	121	126	3443859259329327851
62	258	292	2755445549570451840
63	256	279	3764001121217208883
64	205	229	9439916229810238209
65	1084	1578	10793921916411876175
66	331	365	4840143571254866822
67	205	212	7391261732301622772
68	1639	2661	16109055447740111357
69	335	382	5756504344799539396
70	192	222	14041674100929843977
71	250	269	7553343293458694206
72	294	336	1835402856329661383
73	460	553	1578926853565970309
74	479	588	8506941075927334057
75	270	303	1417405968508421613
76	415	533	7576288036201843334
77	635	788	9074822063013755916
78	252	290	5263902259291813571
79	171	181	5389466809565372721
80	294	326	17937391069458688238
81	553	727	7249895916150997817
82	175	177	11893090048473146855
83	153	163	9068326429514868090
84	678	884	16568029692428961486
85	268	297	14332168299565213224
86	513	604	9969403711499538808
87	612	763	9321568737741794774
88	510	639	6986565660645790568
89	142	154	13622881880134666759
90	345	391	5995670098429726940
91	200	215	12067067283046839605
92	992	1400	14426469518298318169
93	1469	2387	7294403813863078559
94	426	492	8440419324850833384
95	314	377	3055039782732798596
96	386	451	11250818390441432768
97	1548	2493	11100993489284192390
98	1623	2590	12198747080343052376
99	255	294	17890695458130693760
100	343	419	5186603971676375185
101	730	956	8950361649053494640
102	780	1119	2889016070893279069
103	1291	2042	8872485865304401958
104	647	814	8566657946678049956
105	401	460	4167362218935551685
106	483	558	6794282883698887977
107	189	205	5511623673935635389
108	354	394	8978406821933708508
109	350	421	2661015210232318912
110	160	181	5311005012972363222
111	273	302	1641644143585493112
112	96	97	14518105297825075717
113	584	749	11982486022541854915
114	189	214	4472154033526802079
115	466	579	14566207909032992863
116	344	393	7604824162771914060
117	844	1161	1473853147547797742
118	198	211	2158370992899208686
119	392	448	14790634741755580089
120	344	384	6699751168010877654
121	208	226	956378426528112910
122	700	893	14871303120429626787
123	167	176	1445104041107888879
124	496	652	16887380674333876212
125	103	103	12598701106923616092
126	454	556	17897154256930988827
127	381	469	17350737079133493303
128	270	308	9141318013236496366
129	1292	1997	4589416395164363978
130	1046	1494	17691838352876046775
131	2841	5335	5774493471866183792
132	789	1098	16209092351221364102
133	366	426	9194385922026793153
134	412	482	15167684209317755393
135	1562	2348	4770895543077410220
136	400	493	4307949857447708541
137	713	954	15278981754274958509
138	573	699	17139834165883767813
139	796	1068	16366612923087075824
140	396	465	2695952204748714120
141	269	285	10540763751922473905
142	901	1267	12193068918074653201
143	445	547	16695823067725190072
144	376	455	8180257325562246093
145	535	691	5882089146174989819
146	842	1165	15856040021471704459
147	523	607	10738497349181622044
148	929	1236	14472129123224707868
149	253	278	1292555322477460955
150	1236	1835	14750984148276349597
151	1097	1569	2300685195071926648
152	538	689	15794552071808301370
153	456	532	14569577629222676829
154	512	658	11265497226584464353
155	355	427	14434156187276244846
156	225	255	18306725731977534325
157	285	312	13388814757739910675
158	726	971	15727174717772375717
159	1109	1652	9614656759736172348
160	755	966	17462083281179589042
161	391	473	11303009025203167258
162	1278	2103	17586215150915984340
163	796	1087	17133662022040086444
164	118	122	16001073265244697906
165	439	500	14088419388786353076
166	471	552	17488277259664010281
167	137	148	2533625250833353156
168	1922	3176	19814640491995715
169	287	311	12793224391364471460
170	884	1184	4336682262836889900
171	505	636	4639892238076392352
172	819	1202	11440813436719205492
173	457	529	2672761507337115058
174	199	211	2454195766077255737
175	202	227	8394602069827041648
176	219	229	7774324177102837039
177	387	454	10522945466370659057
178	297	336	7834709713932328896
179	571	689	13988942699729707803
180	781	1064	7441890301064964839
181	529	694	2786142249667816327
182	210	213	8536934560727283622
183	411	484	8188012603410718770
184	581	727	12677766952772111832
185	194	204	13832129472659849358
186	276	313	12768008177151086384
187	1053	1499	3722956169707071862
188	886	1280	10274301295796191955
189	192	200	11986602905438579503
190	506	627	16786759185527866620
191	602	752	7867996591081418197
192	1929	3435	7195570158322039581
193	337	400	14467045563690343368
194	985	1370	981470381346490585
195	441	563	5819504850470538172
196	867	1149	15488288199427906914
197	1066	1525	4455595524109907908
198	207	222	8649794094279524846
199	1970	3326	9147218149156508356
200	692	902	8118794358515132166
201	568	667	6920867714935922931
202	215	235	6476536059411599209
203	745	999	11257446087987573512
204	277	312	14608093128711673712
205	593	752	3227908340353446123
206	398	462	12631964349190493367
207	625	847	8559917131350160255
208	294	335	7093499766930821518
209	1653	2590	9434070820866112315
210	429	488	7260385407667250458
211	1149	1640	15390111525703039559
212	1125	1646	2727652264746152288
213	641	791	5268869409594540210
214	1149	1675	12059686762619232637
215	986	1408	8215075275749669601
216	343	409	18338917415302239007
217	275	304	1984120223159237733
218	465	567	10891496092530710306
219	114	113	17198439546579759889
220	363	462	5980977609500131005
221	280	325	4576921840439515449
222	428	500	13939468780777477956
223	148	162	809418672761253226
224	630	817	6704433737180995968
225	55	53	13119871468988754642
226	325	358	17702489458597790874
227	671	874	17073792644351644209
228	444	566	2451238558292552350
229	154	162	5732805637393527747
230	1664	2628	10712817552870947580
231	195	198	3796322740472582117
232	492	576	15600339086842918524
233	526	612	2639716953475330829
234	393	460	16690887413989389638
235	358	423	7940926626650386404
236	1010	1394	14465399368522622467
237	92	92	17517928888567711591
238	274	321	11852220870925833539
239	753	1067	9267276309117251988
240	525	655	2113194712394868959
241	124	133	2953007059337038778
242	515	677	12329447000686441466
243	681	828	6264645888162766557
244	192	201	7749668212004484846
245	371	435	16137139050417100018
246	182	195	4704073474136853201
247	128	140	11065904207179738772
248	1715	2766	11790441101533945608
249	339	388	9075082968884744359
250	637	819	1554873384853862880
251	255	301	9243959119650561157
252	347	385	5048117929833413119
253	336	407	4883726329036185987
254	376	451	10444775703873554495
255	169	182	8331630229531922861
256	212	233	4809975541369948197
257	740	1017	8814717474132405884
258	599	778	4674364184971420089
259	311	367	8196125917136100132
260	460	551	15000011319181651758
261	862	1149	6149033245424203530
262	344	397	15133826735241856416
263	372	433	18010948386446990561
264	2096	3803	11066994088090994967
265	551	703	9764208247922786593
266	210	231	15917786157506945933
267	1235	1893	16637826140454002292
268	278	317	4755954055513058147
269	565	726	1368043125280927900
270	178	187	12753401474549976895
271	119	119	10695112403061285200
272	352	413	9633908368532655340
273	349	414	4647420524278814860
274	575	688	16292271817462066044
275	591	737	3428000248361123130
276	224	249	8043019863531107791
277	522	645	2101268708834942837
278	473	576	9336888833362481331
279	1752	2894	12100157080179085927
280	672	901	1134855801490872483
281	456	564	4765375431435433338
282	238	252	5623250258857567884
283	185	230	15752232346575776311
284	223	241	16954952543329363979
285	157	175	7732299563008965602
286	311	343	6304298431665567219
287	195	209	75092996009845555
288	477	604	17082707537926604007
289	394	467	4717121929754817767
290	688	885	3738124930969743522
291	208	218	11857000921477181138
292	151	159	9206633083991926898
293	484	601	2534750272701520774
294	787	1066	11849852507567488796
295	118	118	5835125644552439225
296	602	791	18030432539580699160
297	520	655	15079547574787359045
298	374	434	9333285884157757802
299	286	309	15328346134487128224
300	431	510	8787993880344965475
301	950	1300	14968866440373649479
302	673	839	13179621737612656884
303	1120	1621	7851327478283985148
304	190	199	17986555056772854079
305	682	880	12686681515721576707
306	746	987	14979761870641220283
307	3306	6378	10854344783842533950
308	94	92	9406155345892539804
309	422	522	12970961853050087508
310	620	798	13970178026610827199
311	319	357	7254576021155633032
312	189	195	13305365844440703485
313	1125	1615	6812255549144000115
314	362	445	7670781407241227651
315	423	485	4874358572906999938
316	84	82	17035908647913456446
317	479	608	14556321550264371200
318	1072	1468	9745426060082290232
319	557	758	14864601961897990695
320	360	415	7904776680551931165
321	2406	4219	15777408610745741602
322	364	451	8865110899898758056
323	329	379	7449527605402931454
324	149	154	3049264524965966287
325	1200	1755	7488608634611011099
326	1002	1405	6934825791725733923
327	356	395	10768352930762709098
328	321	375	16461751306819808602
329	312	357	12753595339840854569
330	726	997	10396465608891269971
331	374	405	17434633669427251610
332	435	500	16035835367269496045
333	986	1431	8490215652324073635
334	545	651	18369587331108291807
335	871	1221	13709704384785335375
336	493	586	14877839721514514277
337	491	602	13911917394630206888
338	389	446	3965591642189752469
339	710	972	16734847336172464700
340	1504	2331	7586889152386237763
341	424	516	16277305207897957604
342	728	941	13153879009561204514
343	226	236	12780597073052880243
344	999	1427	15000989943367913119
345	1174	1768	6184129195882112788
346	690	902	17348921667824000603
347	231	268	16867452694919170865
348	1342	2105	8425767045385862104
349	274	298	15428116861633701973
350	161	173	8814769379096446274
351	800	1070	12944563544727234152
352	113	115	8717524397239573752
353	1119	1750	15527545760655265014
354	1176	1849	10277541366774029076
355	214	230	11505830222333618054
356	276	326	8890529574058444580
357	1359	2016	7042502149710980558
358	377	425	18173403434799295835
359	1134	1661	3300108282512181781
360	1062	1579	9177783438078410641
361	1606	2573	8286607667513754765
362	556	668	5894338810541779930
363	167	175	10988476894223439173
364	325	361	5192101107774273218
365	463	526	16740858650549979621
366	419	490	7286100943351251034
367	177	184	18043845544410042245
368	805	1098	14499473723534157309
369	147	147	7466621911972078661
370	564	688	16946240848199480437
371	264	302	4864484970555557640
372	894	1220	14468487540493260669
373	266	292	9169465154756124284
374	871	1241	16595665024500008400
375	653	855	2932538771592610367
376	284	327	3759196656037651316
377	546	661	9864801871984277438
378	180	195	16745875535155198580
379	307	334	2994839791596663211
380	1025	1441	12323549001042334757
381	383	464	9377043574015008421
382	421	482	1648922042303443957
383	410	498	14572723577810860098
384	115	113	16905541526204720216
385	1105	1625	964670738050050846
386	492	576	17103082332948609107
387	934	1332	15790752965977395106
388	235	270	12026411332701813358
389	464	569	11955752440156054422
390	664	868	13918154013299074808
391	830	1092	13616456745519569784
392	305	337	9290472732634895474
393	599	768	300952011451080169
394	532	648	9462874814630162147
395	387	443	15487093449384848561
396	172	176	1008247097586509968
397	422	528	7748015198064510039
398	369	448	7536432466831564321
399	527	662	11668953830727721353
400	240	284	11610810177933283931
401	512	631	12157153450247147921
402	443	553	14263207482949486640
403	1725	2711	2256121552350513287
404	671	832	4869572271639686876
405	314	353	6793486620152364385
406	213	230	2968723110368290772
407	1056	1454	183459456927753245
408	335	380	16749003810639228326
409	253	276	15915383349805621182
410	1126	1627	2679302746650523614
411	1880	3028	15076442873206039949
412	357	445	15319047778336597944
413	422	555	10347463907544998150
414	573	752	6926478488569806161
415	251	286	7654229628289267484
416	567	721	1212469609338790353
417	855	1128	11004749602907831099
418	242	271	8329085731199162738
419	462	608	2486370928749201912
420	389	452	16436251129971161232
421	233	271	14309754464276215976
422	417	497	17099333815177238282
423	837	1121	3228132389371707892
424	435	511	12373387188495934412
425	826	1160	15754394956904616172
426	694	892	14836954537261448795
427	567	719	13105677518417032230
428	1514	2364	1731112515222616665
429	508	633	14839629862747248518
430	477	554	13949557126934654568
431	510	639	13105028772552638474
432	777	1100	2405083382769376866
433	383	448	5743095439898107684
434	1173	1819	10818512132551615333
435	728	981	10612829949608441830
436	352	435	13796626678908267416
437	145	159	13522863921644107377
438	775	1009	15333985420936197271
439	221	233	18328609457973371636
440	1324	1935	8592100523245519798
441	560	707	10993721398467726305
442	458	554	6372148043122779121
443	259	283	10976638850516805998
444	175	181	2633889492835210146
445	172	194	11487633512100563631
446	134	149	818133964490188523
447	126	128	18271286678717060822
448	1246	1864	4079859539795370697
449	331	357	8967302532297159354
450	1084	1575	16371076734358217306
451	2239	3916	11531110515738110814
452	812	1071	16785899653049509994
453	358	434	213031854158911008
454	170	173	5293893858571062128
455	763	1032	14285168303691373873
456	133	136	563256533632707773
457	175	182	15149942192739048079
458	193	202	12314119048196816512
459	711	955	9274051877142815965
460	304	345	12858087286788978808
461	292	340	5315128199625999157
462	550	698	15608315174878936068
463	382	454	14904309941745817273
464	481	575	15938031803135370892
465	338	391	5353711692886425307
466	663	879	771315779073030875
467	593	724	6313133786717446807
468	285	318	10314520113696425204
469	211	229	10033160955443899025
470	316	362	42011051367984556
471	200	220	12736864140849989030
472	362	419	5984517571452371590
473	157	170	10867523871260737405
474	723	981	2170107749005866935
475	197	207	10275597280685199179
476	451	540	13308105952828372022
477	206	218	12290993145207242900
478	1582	2523	16470267254191745333
479	770	1013	9471009307904891987
480	1621	2597	14936976619595441399
481	495	618	13031117479867613556
482	1531	2418	16812389494115391348
483	487	618	12885290225118300368
484	325	381	12790234084925525335
485	1571	2401	15820931629325436629
486	211	247	4551898592016709580
487	365	408	8989675622809555663
488	142	147	1201162633017297165
489	556	682	3770099538697176456
490	609	779	6899071151000478090
491	976	1360	7899240779063312901
492	283	317	7348611051189250110
493	509	622	17610322854059168328
494	250	283	5118253060713966270
495	277	320	18008661694333512344
496	385	443	6855372211408582160
497	378	465	16192214516886964085
498	431	501	15911975617324279411
499	340	375	408748211619338923
