0	990	33596	2463233391631680005
1	991	33608	15947974236841578877
2	992	33631	10545309169351039870
3	992	33631	10545309169351039870
4	992	33631	10545309169351039870
5	992	33631	10545309169351039870
6	992	33631	10545309169351039870
7	992	33631	10545309169351039870
8	991	33622	17029105384225617647
9	991	33613	17095129250593838721
10	992	33631	10545309169351039870
11	985	33507	18427300153035552254
12	992	33631	10545309169351039870
13	992	33631	10545309169351039870
14	992	33631	10545309169351039870
15	992	33631	10545309169351039870
16	991	33618	6678653378725670488
17	992	33631	10545309169351039870
18	992	33631	10545309169351039870
19	992	33631	10545309169351039870
20	992	33631	10545309169351039870
21	992	33631	10545309169351039870
22	992	33631	10545309169351039870
23	992	33631	10545309169351039870
24	992	33631	10545309169351039870
25	992	33631	10545309169351039870
26	991	33613	17095129250593838721
27	992	33631	10545309169351039870
28	992	33631	10545309169351039870
29	986	33520	8845996091557092689
30	992	33631	10545309169351039870
31	992	33631	10545309169351039870
32	992	33631	10545309169351039870
33	991	33608	15947974236841578877
34	992	33631	10545309169351039870
35	992	33631	10545309169351039870
36	990	33596	4655983384693280116
37	985	33460	6643936900343519675
38	992	33631	10545309169351039870
39	990	33593	12663673588381151101
40	989	33571	8666294819198758766
41	992	33631	10545309169351039870
42	991	33613	17095129250593838721
43	992	33631	10545309169351039870
44	992	33631	10545309169351039870
45	992	33631	10545309169351039870
46	992	33631	10545309169351039870
47	989	33595	10667567044790661121
48	992	33631	10545309169351039870
49	992	33631	10545309169351039870
50	985	33501	18115369399075708160
51	987	33562	8512593710049886959
52	992	33631	10545309169351039870
53	992	33631	10545309169351039870
54	992	33631	10545309169351039870
55	992	33631	10545309169351039870
56	992	33631	10545309169351039870
57	992	33631	10545309169351039870
58	992	33631	10545309169351039870
59	992	33631	10545309169351039870
60	992	33631	10545309169351039870
61	992	33631	10545309169351039870
62	985	33507	12060278562309276620
63	992	33631	10545309169351039870
64	992	33631	10545309169351039870
65	992	33631	10545309169351039870
66	992	33631	10545309169351039870
67	988	33564	18215281512685254190
68	990	33602	10021677349799138635
69	989	33565	9556444506468347340
70	991	33613	17095129250593838721
71	986	33528	10362313343790477860
72	992	33631	10545309169351039870
73	992	33631	10545309169351039870
74	992	33631	10545309169351039870
75	990	33598	4408139565463907142
76	991	33622	17029105384225617647
77	989	33591	11851607202959915493
78	992	33631	10545309169351039870
79	978	33325	4556569724747704267
80	987	33558	17996216399637232652
81	991	33618	15708114862691874214
82	992	33631	10545309169351039870
83	992	33631	10545309169351039870
84	992	33631	10545309169351039870
85	992	33631	10545309169351039870
86	992	33631	10545309169351039870
87	991	33622	17029105384225617647
88	990	33596	2463233391631680005
89	992	33631	10545309169351039870
90	992	33631	10545309169351039870
91	992	33631	10545309169351039870
92	992	33631	10545309169351039870
93	992	33631	10545309169351039870
94	980	33398	3078674121712328749
95	992	33631	10545309169351039870
96	992	33631	10545309169351039870
97	992	33631	10545309169351039870
98	992	33631	10545309169351039870
99	985	33497	7093616656127075270
100	991	33618	15708114862691874214
101	990	33594	2849565914957892832
102	992	33631	10545309169351039870
103	982	33442	8504473641482185102
104	992	33631	10545309169351039870
105	992	33631	10545309169351039870
106	992	33631	10545309169351039870
107	992	33631	10545309169351039870
108	990	33598	4408139565463907142
109	992	33631	10545309169351039870
110	989	33578	12063622715527622574
111	992	33631	10545309169351039870
112	987	33527	868506167194639450
113	990	33606	18220377358273888457
114	992	33631	10545309169351039870
115	992	33631	10545309169351039870
116	992	33631	10545309169351039870
117	990	33605	7571008698324060891
118	976	33281	9431216932439289507
119	990	33598	4408139565463907142
120	989	33589	1976590123031794195
121	992	33631	10545309169351039870
122	991	33608	15947974236841578877
123	992	33631	10545309169351039870
124	992	33631	10545309169351039870
125	992	33631	10545309169351039870
126	992	33631	10545309169351039870
127	992	33631	10545309169351039870
128	992	33631	10545309169351039870
129	992	33631	10545309169351039870
130	992	33631	10545309169351039870
131	992	33631	10545309169351039870
132	992	33631	10545309169351039870
133	988	33554	8644670151509795316
134	992	33631	10545309169351039870
135	992	33631	10545309169351039870
136	992	33631	10545309169351039870
137	992	33631	10545309169351039870
138	984	33491	5110592803566538162
139	992	33631	10545309169351039870
140	992	33631	10545309169351039870
141	992	33631	10545309169351039870
142	992	33631	10545309169351039870
143	990	33598	4408139565463907142
144	992	33631	10545309169351039870
145	992	33631	10545309169351039870
146	987	33550	9161510096965105981
147	990	33600	4229212599845463924
148	989	33578	12063622715527622574
149	992	33631	10545309169351039870
150	992	33631	10545309169351039870
151	992	33631	10545309169351039870
152	990	33598	4408139565463907142
153	992	33631	10545309169351039870
154	990	33598	4408139565463907142
155	992	33631	10545309169351039870
156	992	33631	10545309169351039870
157	991	33620	2922898062995529588
158	992	33631	10545309169351039870
159	978	33353	1080546815147517757
160	992	33631	10545309169351039870
161	992	33631	10545309169351039870
162	988	33573	12143368076699481343
163	992	33631	10545309169351039870
164	992	33631	10545309169351039870
165	992	33631	10545309169351039870
166	992	33631	10545309169351039870
167	990	33606	18220377358273888457
168	992	33631	10545309169351039870
169	992	33631	10545309169351039870
170	992	33631	10545309169351039870
171	988	33541	2074222218633130300
172	991	33622	17029105384225617647
173	992	33631	10545309169351039870
174	992	33631	10545309169351039870
175	992	33631	10545309169351039870
176	992	33631	10545309169351039870
177	986	33506	17927046618975855036
178	992	33631	10545309169351039870
179	992	33631	10545309169351039870
180	989	33584	17934587163972222786
181	991	33618	15708114862691874214
182	992	33631	10545309169351039870
183	992	33631	10545309169351039870
184	992	33631	10545309169351039870
185	992	33631	10545309169351039870
186	985	33507	3706866090956623838
187	992	33631	10545309169351039870
188	992	33631	10545309169351039870
189	991	33622	17029105384225617647
190	992	33631	10545309169351039870
191	990	33581	5821438715742497823
192	991	33606	1483866550263981817
193	989	33578	12063622715527622574
194	992	33631	10545309169351039870
195	992	33631	10545309169351039870
196	992	33631	10545309169351039870
197	982	33454	17371510985494366403
198	987	33534	8697698441900398180
199	991	33620	4104945407828860458
200	992	33631	10545309169351039870
201	992	33631	10545309169351039870
202	992	33631	10545309169351039870
203	992	33631	10545309169351039870
204	992	33631	10545309169351039870
205	992	33631	10545309169351039870
206	992	33631	10545309169351039870
207	992	33631	10545309169351039870
208	992	33631	10545309169351039870
209	979	33383	7073067074967894843
210	992	33631	10545309169351039870
211	992	33631	10545309169351039870
212	991	33618	15708114862691874214
213	991	33618	12148985325542753075
214	992	33631	10545309169351039870
215	987	33562	8512593710049886959
216	992	33631	10545309169351039870
217	992	33631	10545309169351039870
218	990	33598	4408139565463907142
219	992	33631	10545309169351039870
220	980	33415	11150474320898006116
221	991	33608	15947974236841578877
222	992	33631	10545309169351039870
223	988	33551	10954413614144493407
224	992	33631	10545309169351039870
225	984	33486	12484996974563413684
226	992	33631	10545309169351039870
227	992	33631	10545309169351039870
228	992	33631	10545309169351039870
229	992	33631	10545309169351039870
230	992	33631	10545309169351039870
231	992	33631	10545309169351039870
232	992	33631	10545309169351039870
233	992	33631	10545309169351039870
234	992	33631	10545309169351039870
235	992	33631	10545309169351039870
236	992	33631	10545309169351039870
237	992	33631	10545309169351039870
238	992	33631	10545309169351039870
239	992	33631	10545309169351039870
240	992	33631	10545309169351039870
241	989	33573	16553145444767372106
242	992	33631	10545309169351039870
243	991	33618	15708114862691874214
244	990	33596	2463233391631680005
245	992	33631	10545309169351039870
246	992	33631	10545309169351039870
247	992	33631	10545309169351039870
248	992	33631	10545309169351039870
249	989	33585	1209850150872610354
250	986	33542	1614556254185113199
251	992	33631	10545309169351039870
252	992	33631	10545309169351039870
253	992	33631	10545309169351039870
254	992	33631	10545309169351039870
255	992	33631	10545309169351039870
256	992	33631	10545309169351039870
257	992	33631	10545309169351039870
258	992	33631	10545309169351039870
259	991	33622	17029105384225617647
260	990	33604	5345104929189389174
261	986	33518	1485982585729504286
262	991	33611	5861594459106503369
263	992	33631	10545309169351039870
264	992	33631	10545309169351039870
265	989	33578	12063622715527622574
266	990	33595	16392956938483507155
267	992	33631	10545309169351039870
268	992	33631	10545309169351039870
269	992	33631	10545309169351039870
270	992	33631	10545309169351039870
271	989	33568	7374414355887022691
272	992	33631	10545309169351039870
273	981	33430	17237587811406465122
274	990	33599	3401319044027629261
275	992	33631	10545309169351039870
276	992	33631	10545309169351039870
277	992	33631	10545309169351039870
278	992	33631	10545309169351039870
279	992	33631	10545309169351039870
280	991	33622	17029105384225617647
281	992	33631	10545309169351039870
282	988	33558	9275849483889854269
283	991	33610	17131717571882746871
284	992	33631	10545309169351039870
285	992	33631	10545309169351039870
286	987	33542	9754933886346947126
287	992	33631	10545309169351039870
288	991	33606	1483866550263981817
289	991	33613	17095129250593838721
290	992	33631	10545309169351039870
291	992	33631	10545309169351039870
292	992	33631	10545309169351039870
293	990	33598	4408139565463907142
294	992	33631	10545309169351039870
295	992	33631	10545309169351039870
296	992	33631	10545309169351039870
297	992	33631	10545309169351039870
298	992	33631	10545309169351039870
299	990	33598	4408139565463907142
300	992	33631	10545309169351039870
301	992	33631	10545309169351039870
302	992	33631	10545309169351039870
303	992	33631	10545309169351039870
304	992	33631	10545309169351039870
305	992	33631	10545309169351039870
306	992	33631	10545309169351039870
307	992	33631	10545309169351039870
308	992	33631	10545309169351039870
309	992	33631	10545309169351039870
310	992	33631	10545309169351039870
311	992	33631	10545309169351039870
312	992	33631	10545309169351039870
313	992	33631	10545309169351039870
314	992	33631	10545309169351039870
315	992	33631	10545309169351039870
316	992	33631	10545309169351039870
317	991	33622	17029105384225617647
318	992	33631	10545309169351039870
319	992	33631	10545309169351039870
320	992	33631	10545309169351039870
321	992	33631	10545309169351039870
322	992	33631	10545309169351039870
323	992	33631	10545309169351039870
324	992	33631	10545309169351039870
325	992	33631	10545309169351039870
326	992	33631	10545309169351039870
327	992	33631	10545309169351039870
328	991	33613	17095129250593838721
329	990	33594	9504792382025154709
330	992	33631	10545309169351039870
331	992	33631	10545309169351039870
332	992	33631	10545309169351039870
333	992	33631	10545309169351039870
334	992	33631	10545309169351039870
335	987	33552	2591905191693673599
336	991	33614	9618252666908987355
337	985	33515	17887512038998519684
338	992	33631	10545309169351039870
339	992	33631	10545309169351039870
340	992	33631	10545309169351039870
341	992	33631	10545309169351039870
342	992	33631	10545309169351039870
343	992	33631	10545309169351039870
344	992	33631	10545309169351039870
345	992	33631	10545309169351039870
346	986	33520	8845996091557092689
347	992	33631	10545309169351039870
348	992	33631	10545309169351039870
349	992	33631	10545309169351039870
350	992	33631	10545309169351039870
351	992	33631	10545309169351039870
352	990	33596	2463233391631680005
353	992	33631	10545309169351039870
354	992	33631	10545309169351039870
355	989	33577	15322429118459951675
356	992	33631	10545309169351039870
357	992	33631	10545309169351039870
358	989	33597	11761429793083864184
359	991	33618	6678653378725670488
360	990	33598	4408139565463907142
361	991	33613	7461109669768242872
362	989	33583	2758373427034458273
363	991	33613	17095129250593838721
364	986	33520	8845996091557092689
365	992	33631	10545309169351039870
366	992	33631	10545309169351039870
367	989	33580	4172141044421421532
368	990	33609	3819771653980482635
369	992	33631	10545309169351039870
370	991	33608	15947974236841578877
371	992	33631	10545309169351039870
372	992	33631	10545309169351039870
373	992	33631	10545309169351039870
374	992	33631	10545309169351039870
375	992	33631	10545309169351039870
376	992	33631	10545309169351039870
377	992	33631	10545309169351039870
378	992	33631	10545309169351039870
379	992	33631	10545309169351039870
380	991	33608	15947974236841578877
381	992	33631	10545309169351039870
382	992	33631	10545309169351039870
383	992	33631	10545309169351039870
384	988	33542	16089526033354773792
385	992	33631	10545309169351039870
386	990	33596	2463233391631680005
387	992	33631	10545309169351039870
388	992	33631	10545309169351039870
389	992	33631	10545309169351039870
390	986	33536	17657016926981922709
391	969	33138	1944436222512148355
392	992	33631	10545309169351039870
393	989	33583	3661591517433057199
394	992	33631	10545309169351039870
395	988	33576	12690975680138497299
396	981	33442	10002769745024522573
397	992	33631	10545309169351039870
398	990	33596	2463233391631680005
399	992	33631	10545309169351039870
400	985	33485	12056436227831819060
401	990	33598	4408139565463907142
402	991	33618	6678653378725670488
403	992	33631	10545309169351039870
404	992	33631	10545309169351039870
405	992	33631	10545309169351039870
406	992	33631	10545309169351039870
407	992	33631	10545309169351039870
408	992	33631	10545309169351039870
409	992	33631	10545309169351039870
410	991	33617	14811407271708118620
411	992	33631	10545309169351039870
412	992	33631	10545309169351039870
413	992	33631	10545309169351039870
414	992	33631	10545309169351039870
415	992	33631	10545309169351039870
416	991	33617	1785412524198749474
417	992	33631	10545309169351039870
418	991	33613	17095129250593838721
419	992	33631	10545309169351039870
420	992	33631	10545309169351039870
421	989	33577	9236107376449525870
422	992	33631	10545309169351039870
423	990	33590	3186542161001850286
424	992	33631	10545309169351039870
425	989	33565	16098757682961744225
426	991	33618	6678653378725670488
427	992	33631	10545309169351039870
428	992	33631	10545309169351039870
429	992	33631	10545309169351039870
430	992	33631	10545309169351039870
431	992	33631	10545309169351039870
432	992	33631	10545309169351039870
433	992	33631	10545309169351039870
434	992	33631	10545309169351039870
435	992	33631	10545309169351039870
436	984	33464	10167979862913089603
437	987	33537	11142836513090957221
438	992	33631	10545309169351039870
439	992	33631	10545309169351039870
440	983	33464	2046542854007946943
441	992	33631	10545309169351039870
442	992	33631	10545309169351039870
443	992	33631	10545309169351039870
444	992	33631	10545309169351039870
445	990	33598	4408139565463907142
446	992	33631	10545309169351039870
447	992	33631	10545309169351039870
448	985	33508	3060195617415725288
449	992	33631	10545309169351039870
450	988	33555	10374570947389901895
451	992	33631	10545309169351039870
452	981	33392	2413410936784864811
453	992	33631	10545309169351039870
454	991	33617	1785412524198749474
455	992	33631	10545309169351039870
456	992	33631	10545309169351039870
457	992	33631	10545309169351039870
458	983	33464	2046542854007946943
459	992	33631	10545309169351039870
460	992	33631	10545309169351039870
461	992	33631	10545309169351039870
462	992	33631	10545309169351039870
463	992	33631	10545309169351039870
464	992	33631	10545309169351039870
465	988	33548	3227031195645527685
466	992	33631	10545309169351039870
467	983	33440	4109691107554931718
468	992	33631	10545309169351039870
469	983	33476	3339486817177753965
470	992	33631	10545309169351039870
471	991	33622	17029105384225617647
472	992	33631	10545309169351039870
473	992	33631	10545309169351039870
474	989	33592	4130412554331978330
475	992	33631	10545309169351039870
476	988	33566	2076718557380955919
477	992	33631	10545309169351039870
478	992	33631	10545309169351039870
479	992	33631	10545309169351039870
480	992	33631	10545309169351039870
481	992	33631	10545309169351039870
482	992	33631	10545309169351039870
483	992	33631	10545309169351039870
484	992	33631	10545309169351039870
485	991	33613	17095129250593838721
486	992	33631	10545309169351039870
487	992	33631	10545309169351039870
488	983	33472	8362803854258973758
489	992	33631	10545309169351039870
490	992	33631	10545309169351039870
491	980	33371	17032038415279864513
492	992	33631	10545309169351039870
493	992	33631	10545309169351039870
494	988	33554	9503905477150393866
495	959	32930	375919448567974371
496	992	33631	10545309169351039870
497	992	33631	10545309169351039870
498	991	33618	15708114862691874214
499	992	33631	10545309169351039870
500	974	33217	6443653438839506940
501	992	33631	10545309169351039870
502	991	33613	17095129250593838721
503	992	33631	10545309169351039870
504	992	33631	10545309169351039870
505	992	33631	10545309169351039870
506	991	33613	17095129250593838721
507	992	33631	10545309169351039870
508	992	33631	10545309169351039870
509	992	33631	10545309169351039870
510	991	33622	17029105384225617647
511	992	33631	10545309169351039870
512	991	33620	4104945407828860458
513	992	33631	10545309169351039870
514	992	33631	10545309169351039870
515	992	33631	10545309169351039870
516	992	33631	10545309169351039870
517	992	33631	10545309169351039870
518	990	33596	4215096578565079477
519	989	33586	8310520308530771946
520	987	33540	3235419863986680919
521	992	33631	10545309169351039870
522	992	33631	10545309169351039870
523	992	33631	10545309169351039870
524	992	33631	10545309169351039870
525	992	33631	10545309169351039870
526	992	33631	10545309169351039870
527	992	33631	10545309169351039870
528	992	33631	10545309169351039870
529	992	33631	10545309169351039870
530	991	33615	5289362956527788825
531	992	33631	10545309169351039870
532	989	33565	9556444506468347340
533	992	33631	10545309169351039870
534	992	33631	10545309169351039870
535	991	33613	17095129250593838721
536	990	33595	16392956938483507155
537	992	33631	10545309169351039870
538	992	33631	10545309169351039870
539	992	33631	10545309169351039870
540	992	33631	10545309169351039870
541	992	33631	10545309169351039870
542	990	33590	3186542161001850286
543	992	33631	10545309169351039870
544	992	33631	10545309169351039870
545	992	33631	10545309169351039870
546	992	33631	10545309169351039870
547	992	33631	10545309169351039870
548	990	33598	4408139565463907142
549	986	33521	17980388145330383545
550	992	33631	10545309169351039870
551	991	33618	6678653378725670488
552	991	33618	17460819841072760472
553	992	33631	10545309169351039870
554	992	33631	10545309169351039870
555	991	33622	17029105384225617647
556	992	33631	10545309169351039870
557	992	33631	10545309169351039870
558	992	33631	10545309169351039870
559	992	33631	10545309169351039870
560	992	33631	10545309169351039870
561	992	33631	10545309169351039870
562	992	33631	10545309169351039870
563	992	33631	10545309169351039870
564	983	33444	8979213976584411109
565	992	33631	10545309169351039870
566	992	33631	10545309169351039870
567	992	33631	10545309169351039870
568	992	33631	10545309169351039870
569	992	33631	10545309169351039870
570	991	33608	15947974236841578877
571	990	33601	10816122750046174836
572	986	33520	8845996091557092689
573	992	33631	10545309169351039870
574	992	33631	10545309169351039870
575	989	33582	5553764608633495671
576	989	33582	8351255388741082487
577	992	33631	10545309169351039870
578	992	33631	10545309169351039870
579	992	33631	10545309169351039870
580	986	33541	11341261240933260662
581	992	33631	10545309169351039870
582	992	33631	10545309169351039870
583	990	33596	2463233391631680005
584	992	33631	10545309169351039870
585	992	33631	10545309169351039870
586	992	33631	10545309169351039870
587	992	33631	10545309169351039870
588	992	33631	10545309169351039870
589	992	33631	10545309169351039870
590	979	33375	7159497696911122483
591	992	33631	10545309169351039870
592	992	33631	10545309169351039870
593	992	33631	10545309169351039870
594	992	33631	10545309169351039870
595	992	33631	10545309169351039870
596	992	33631	10545309169351039870
597	992	33631	10545309169351039870
598	990	33588	8654152645962280622
599	992	33631	10545309169351039870
600	992	33631	10545309169351039870
601	992	33631	10545309169351039870
602	992	33631	10545309169351039870
603	992	33631	10545309169351039870
604	992	33631	10545309169351039870
605	992	33631	10545309169351039870
606	992	33631	10545309169351039870
607	987	33523	4651958767280103411
608	992	33631	10545309169351039870
609	992	33631	10545309169351039870
610	992	33631	10545309169351039870
611	992	33631	10545309169351039870
612	992	33631	10545309169351039870
613	990	33596	2463233391631680005
614	992	33631	10545309169351039870
615	992	33631	10545309169351039870
616	992	33631	10545309169351039870
617	992	33631	10545309169351039870
618	992	33631	10545309169351039870
619	992	33631	10545309169351039870
620	989	33562	7549716668530380753
621	992	33631	10545309169351039870
622	991	33606	1483866550263981817
623	992	33631	10545309169351039870
624	992	33631	10545309169351039870
625	992	33631	10545309169351039870
626	992	33631	10545309169351039870
627	989	33577	9236107376449525870
628	991	33608	15947974236841578877
629	990	33598	4408139565463907142
630	992	33631	10545309169351039870
631	989	33587	3745390503472442840
632	992	33631	10545309169351039870
633	984	33498	10650123073267075460
634	992	33631	10545309169351039870
635	992	33631	10545309169351039870
636	992	33631	10545309169351039870
637	992	33631	10545309169351039870
638	992	33631	10545309169351039870
639	992	33631	10545309169351039870
640	991	33613	17095129250593838721
641	992	33631	10545309169351039870
642	992	33631	10545309169351039870
643	992	33631	10545309169351039870
644	980	33398	17795276943507518455
645	992	33631	10545309169351039870
646	990	33598	4408139565463907142
647	992	33631	10545309169351039870
648	992	33631	10545309169351039870
649	990	33593	7630681132113149250
650	982	33433	17982901983470357862
651	992	33631	10545309169351039870
652	990	33606	1252035104974162750
653	992	33631	10545309169351039870
654	991	33613	17095129250593838721
655	992	33631	10545309169351039870
656	992	33631	10545309169351039870
657	992	33631	10545309169351039870
658	990	33590	6695544901582688668
659	992	33631	10545309169351039870
660	992	33631	10545309169351039870
661	983	33478	3738705547822391280
662	992	33631	10545309169351039870
663	992	33631	10545309169351039870
664	989	33585	8334544142525460458
665	992	33631	10545309169351039870
666	992	33631	10545309169351039870
667	992	33631	10545309169351039870
668	992	33631	10545309169351039870
669	992	33631	10545309169351039870
670	992	33631	10545309169351039870
671	989	33571	8666294819198758766
672	992	33631	10545309169351039870
673	992	33631	10545309169351039870
674	989	33589	1976590123031794195
675	992	33631	10545309169351039870
676	992	33631	10545309169351039870
677	992	33631	10545309169351039870
678	992	33631	10545309169351039870
679	990	33596	2463233391631680005
680	989	33577	9236107376449525870
681	992	33631	10545309169351039870
682	986	33520	8845996091557092689
683	989	33584	5092579279352712388
684	992	33631	10545309169351039870
685	986	33533	6615592158017573033
686	986	33513	12467530674816516240
687	992	33631	10545309169351039870
688	992	33631	10545309169351039870
689	992	33631	10545309169351039870
690	992	33631	10545309169351039870
691	992	33631	10545309169351039870
692	992	33631	10545309169351039870
693	991	33617	3746799428811124333
694	992	33631	10545309169351039870
695	992	33631	10545309169351039870
696	992	33631	10545309169351039870
697	992	33631	10545309169351039870
698	965	33081	18036453671819789329
699	984	33486	12484996974563413684
700	992	33631	10545309169351039870
701	992	33631	10545309169351039870
702	992	33631	10545309169351039870
703	992	33631	10545309169351039870
704	992	33631	10545309169351039870
705	992	33631	10545309169351039870
706	975	33268	10052279766105311465
707	990	33598	4408139565463907142
708	992	33631	10545309169351039870
709	992	33631	10545309169351039870
710	991	33593	1950450765688501814
711	992	33631	10545309169351039870
712	988	33566	3939891673134738956
713	992	33631	10545309169351039870
714	985	33507	10067171710890620159
715	992	33631	10545309169351039870
716	990	33598	4408139565463907142
717	984	33480	6277352234144171669
718	991	33608	15947974236841578877
719	990	33609	16176282436479891877
720	992	33631	10545309169351039870
721	992	33631	10545309169351039870
722	974	33282	1638011642210016380
723	990	33598	4408139565463907142
724	992	33631	10545309169351039870
725	992	33631	10545309169351039870
726	991	33613	17095129250593838721
727	989	33578	2191548582424677497
728	992	33631	10545309169351039870
729	990	33596	2463233391631680005
730	992	33631	10545309169351039870
731	992	33631	10545309169351039870
732	992	33631	10545309169351039870
733	992	33631	10545309169351039870
734	992	33631	10545309169351039870
735	990	33589	7162198299056082167
736	992	33631	10545309169351039870
737	989	33572	5754659287916965037
738	992	33631	10545309169351039870
739	992	33631	10545309169351039870
740	992	33631	10545309169351039870
741	992	33631	10545309169351039870
742	987	33539	2083693574392529477
743	990	33598	4408139565463907142
744	992	33631	10545309169351039870
745	990	33583	17806697764726287760
746	992	33631	10545309169351039870
747	988	33574	14339524064555287285
748	987	33542	9754933886346947126
749	991	33622	17029105384225617647
750	992	33631	10545309169351039870
751	992	33631	10545309169351039870
752	992	33631	10545309169351039870
753	992	33631	10545309169351039870
754	992	33631	10545309169351039870
755	992	33631	10545309169351039870
756	992	33631	10545309169351039870
757	992	33631	10545309169351039870
758	984	33484	16100665013946403150
759	992	33631	10545309169351039870
760	990	33596	2463233391631680005
761	992	33631	10545309169351039870
762	992	33631	10545309169351039870
763	992	33631	10545309169351039870
764	992	33631	10545309169351039870
765	992	33631	10545309169351039870
766	992	33631	10545309169351039870
767	992	33631	10545309169351039870
768	991	33619	2617234880743659450
769	992	33631	10545309169351039870
770	990	33596	2463233391631680005
771	986	33527	17056196600498482716
772	992	33631	10545309169351039870
773	992	33631	10545309169351039870
774	992	33631	10545309169351039870
775	988	33565	2689845243705311368
776	992	33631	10545309169351039870
777	992	33631	10545309169351039870
778	992	33631	10545309169351039870
779	992	33631	10545309169351039870
780	992	33631	10545309169351039870
781	992	33631	10545309169351039870
782	991	33621	5863612339304703774
783	990	33598	4408139565463907142
784	992	33631	10545309169351039870
785	992	33631	10545309169351039870
786	992	33631	10545309169351039870
787	992	33631	10545309169351039870
788	992	33631	10545309169351039870
789	983	33464	2046542854007946943
790	992	33631	10545309169351039870
791	992	33631	10545309169351039870
792	986	33531	11382968338687465059
793	992	33631	10545309169351039870
794	992	33631	10545309169351039870
795	992	33631	10545309169351039870
796	991	33622	17029105384225617647
797	992	33631	10545309169351039870
798	992	33631	10545309169351039870
799	992	33631	10545309169351039870
800	992	33631	10545309169351039870
801	992	33631	10545309169351039870
802	989	33585	8334544142525460458
803	973	33272	7405595614538017218
804	992	33631	10545309169351039870
805	992	33631	10545309169351039870
806	986	33519	15797605620424847189
807	992	33631	10545309169351039870
808	990	33596	2463233391631680005
809	988	33552	9488698148507270412
810	992	33631	10545309169351039870
811	984	33484	9606433461922870985
812	992	33631	10545309169351039870
813	990	33598	4408139565463907142
814	992	33631	10545309169351039870
815	992	33631	10545309169351039870
816	992	33631	10545309169351039870
817	992	33631	10545309169351039870
818	992	33631	10545309169351039870
819	964	33082	14782850785530844297
820	988	33567	18402099849922917827
821	992	33631	10545309169351039870
822	992	33631	10545309169351039870
823	992	33631	10545309169351039870
824	986	33543	9540393052050447112
825	992	33631	10545309169351039870
826	992	33631	10545309169351039870
827	992	33631	10545309169351039870
828	992	33631	10545309169351039870
829	992	33631	10545309169351039870
830	991	33608	15947974236841578877
831	988	33561	16706656577756515831
832	992	33631	10545309169351039870
833	992	33631	10545309169351039870
834	986	33519	4424856846369589399
835	992	33631	10545309169351039870
836	978	33346	5006979560533108271
837	988	33563	2516479656243369493
838	990	33596	2463233391631680005
839	992	33631	10545309169351039870
840	986	33513	14354900355904393488
841	992	33631	10545309169351039870
842	992	33631	10545309169351039870
843	992	33631	10545309169351039870
844	989	33583	8731953966773322420
845	992	33631	10545309169351039870
846	988	33570	3055589884002573403
847	990	33601	10816122750046174836
848	992	33631	10545309169351039870
849	990	33595	16392956938483507155
850	992	33631	10545309169351039870
851	990	33598	4408139565463907142
852	992	33631	10545309169351039870
853	992	33631	10545309169351039870
854	991	33618	6678653378725670488
855	992	33631	10545309169351039870
856	992	33631	10545309169351039870
857	992	33631	10545309169351039870
858	991	33618	15708114862691874214
859	992	33631	10545309169351039870
860	991	33608	15947974236841578877
861	992	33631	10545309169351039870
862	980	33412	11910528083965459707
863	992	33631	10545309169351039870
864	992	33631	10545309169351039870
865	990	33598	4408139565463907142
866	992	33631	10545309169351039870
867	984	33498	10650123073267075460
868	992	33631	10545309169351039870
869	992	33631	10545309169351039870
870	992	33631	10545309169351039870
871	992	33631	10545309169351039870
872	992	33631	10545309169351039870
873	992	33631	10545309169351039870
874	988	33575	9792510754768107784
875	992	33631	10545309169351039870
876	992	33631	10545309169351039870
877	992	33631	10545309169351039870
878	992	33631	10545309169351039870
879	990	33598	4408139565463907142
880	992	33631	10545309169351039870
881	992	33631	10545309169351039870
882	992	33631	10545309169351039870
883	991	33613	17095129250593838721
884	987	33566	2704741248108328206
885	992	33631	10545309169351039870
886	992	33631	10545309169351039870
887	992	33631	10545309169351039870
888	992	33631	10545309169351039870
889	991	33613	17095129250593838721
890	991	33618	15708114862691874214
891	987	33521	15219804198970211993
892	992	33631	10545309169351039870
893	990	33596	2463233391631680005
894	992	33631	10545309169351039870
895	992	33631	10545309169351039870
896	992	33631	10545309169351039870
897	990	33598	4408139565463907142
898	989	33578	12063622715527622574
899	990	33598	4408139565463907142
900	986	33510	16206297608549844244
901	992	33631	10545309169351039870
902	992	33631	10545309169351039870
903	992	33631	10545309169351039870
904	992	33631	10545309169351039870
905	992	33631	10545309169351039870
906	992	33631	10545309169351039870
907	992	33631	10545309169351039870
908	992	33631	10545309169351039870
909	983	33464	2046542854007946943
910	992	33631	10545309169351039870
911	992	33631	10545309169351039870
912	992	33631	10545309169351039870
913	992	33631	10545309169351039870
914	990	33598	4408139565463907142
915	992	33631	10545309169351039870
916	989	33596	12136857621631527520
917	992	33631	10545309169351039870
918	989	33578	4120745614815197489
919	955	32852	4388070953492326936
920	992	33631	10545309169351039870
921	991	33613	17095129250593838721
922	992	33631	10545309169351039870
923	991	33603	7201310070772566390
924	992	33631	10545309169351039870
925	992	33631	10545309169351039870
926	989	33578	12063622715527622574
927	992	33631	10545309169351039870
928	992	33631	10545309169351039870
929	992	33631	10545309169351039870
930	992	33631	10545309169351039870
931	990	33596	2463233391631680005
932	992	33631	10545309169351039870
933	992	33631	10545309169351039870
934	992	33631	10545309169351039870
935	991	33608	15947974236841578877
936	992	33631	10545309169351039870
937	992	33631	10545309169351039870
938	991	33608	15947974236841578877
939	992	33631	10545309169351039870
940	992	33631	10545309169351039870
941	990	33599	1873639363928666650
942	992	33631	10545309169351039870
943	991	33598	17499442252319167880
944	992	33631	10545309169351039870
945	992	33631	10545309169351039870
946	991	33613	17095129250593838721
947	992	33631	10545309169351039870
948	986	33520	8845996091557092689
949	986	33506	705662834059565046
950	992	33631	10545309169351039870
951	992	33631	10545309169351039870
952	992	33631	10545309169351039870
953	992	33631	10545309169351039870
954	992	33631	10545309169351039870
955	980	33373	8568136533457275555
956	992	33631	10545309169351039870
957	987	33558	4902841195670740315
958	992	33631	10545309169351039870
959	992	33631	10545309169351039870
960	992	33631	10545309169351039870
961	987	33539	15409776719172479968
962	992	33631	10545309169351039870
963	990	33607	729738297234335143
964	992	33631	10545309169351039870
965	992	33631	10545309169351039870
966	971	33262	998228189973429471
967	987	33545	5712712510078868171
968	990	33596	2463233391631680005
969	990	33596	2463233391631680005
970	992	33631	10545309169351039870
971	992	33631	10545309169351039870
972	992	33631	10545309169351039870
973	992	33631	10545309169351039870
974	985	33512	13714783217442367488
975	992	33631	10545309169351039870
976	980	33395	9075687825268197762
977	992	33631	10545309169351039870
978	992	33631	10545309169351039870
979	992	33631	10545309169351039870
980	992	33631	10545309169351039870
981	992	33631	10545309169351039870
982	992	33631	10545309169351039870
983	976	33283	3045364576764979332
984	992	33631	10545309169351039870
985	992	33631	10545309169351039870
986	992	33631	10545309169351039870
987	992	33631	10545309169351039870
988	992	33631	10545309169351039870
989	984	33486	12484996974563413684
990	982	33446	15312464246578843544
991	981	33428	11409198414213999262
992	977	33355	17471557478567634934
993	992	33631	10545309169351039870
994	992	33631	10545309169351039870
995	992	33631	10545309169351039870
996	992	33631	10545309169351039870
997	992	33631	10545309169351039870
998	992	33631	10545309169351039870
999	992	33631	10545309169351039870
1000	992	33631	10545309169351039870
1001	992	33631	10545309169351039870
1002	992	33631	10545309169351039870
1003	990	33598	4408139565463907142
1004	985	33513	10511115727139569034
1005	992	33631	10545309169351039870
1006	992	33631	10545309169351039870
1007	992	33631	10545309169351039870
1008	992	33631	10545309169351039870
1009	990	33606	18220377358273888457
1010	992	33631	10545309169351039870
1011	985	33464	10086624136554852920
1012	992	33631	10545309169351039870
1013	992	33631	10545309169351039870
1014	992	33631	10545309169351039870
1015	980	33394	13053639426169743944
1016	983	33463	17974642084677774868
1017	992	33631	10545309169351039870
1018	992	33631	10545309169351039870
1019	992	33631	10545309169351039870
1020	992	33631	10545309169351039870
1021	992	33631	10545309169351039870
1022	992	33631	10545309169351039870
1023	992	33631	10545309169351039870
1024	992	33631	10545309169351039870
1025	991	33618	15708114862691874214
1026	992	33631	10545309169351039870
1027	992	33631	10545309169351039870
1028	992	33631	10545309169351039870
1029	992	33631	10545309169351039870
1030	992	33631	10545309169351039870
1031	992	33631	10545309169351039870
1032	992	33631	10545309169351039870
1033	992	33631	10545309169351039870
1034	992	33631	10545309169351039870
1035	992	33631	10545309169351039870
1036	992	33631	10545309169351039870
1037	991	33620	4104945407828860458
1038	991	33618	15708114862691874214
1039	992	33631	10545309169351039870
1040	992	33631	10545309169351039870
1041	985	33502	11294110306775306303
1042	990	33578	16399136910652543269
1043	985	33497	7093616656127075270
1044	992	33631	10545309169351039870
1045	992	33631	10545309169351039870
1046	992	33631	10545309169351039870
1047	992	33631	10545309169351039870
1048	992	33631	10545309169351039870
1049	992	33631	10545309169351039870
1050	992	33631	10545309169351039870
1051	992	33631	10545309169351039870
1052	992	33631	10545309169351039870
1053	991	33606	1483866550263981817
1054	992	33631	10545309169351039870
1055	991	33611	5861594459106503369
1056	992	33631	10545309169351039870
1057	992	33631	10545309169351039870
1058	992	33631	10545309169351039870
1059	990	33611	18326446926545743081
1060	990	33596	2463233391631680005
1061	991	33622	17029105384225617647
1062	992	33631	10545309169351039870
1063	987	33542	531715708589749588
1064	992	33631	10545309169351039870
1065	992	33631	10545309169351039870
1066	979	33392	9871476170342956483
1067	992	33631	10545309169351039870
1068	992	33631	10545309169351039870
1069	992	33631	10545309169351039870
1070	991	33618	6678653378725670488
1071	992	33631	10545309169351039870
1072	992	33631	10545309169351039870
1073	992	33631	10545309169351039870
1074	992	33631	10545309169351039870
1075	992	33631	10545309169351039870
1076	979	33380	12940564567165431720
1077	992	33631	10545309169351039870
1078	992	33631	10545309169351039870
1079	991	33621	7673391609927154817
1080	992	33631	10545309169351039870
1081	982	33479	6915251202369104605
1082	992	33631	10545309169351039870
1083	992	33631	10545309169351039870
1084	992	33631	10545309169351039870
1085	992	33631	10545309169351039870
1086	992	33631	10545309169351039870
1087	992	33631	10545309169351039870
1088	991	33619	8110861988044097121
1089	989	33575	7999914543915146321
1090	992	33631	10545309169351039870
1091	982	33441	12073009430774980938
1092	991	33618	6678653378725670488
1093	992	33631	10545309169351039870
1094	992	33631	10545309169351039870
1095	992	33631	10545309169351039870
1096	992	33631	10545309169351039870
1097	984	33495	2943675386089868667
1098	982	33447	945945567570386845
1099	992	33631	10545309169351039870
1100	992	33631	10545309169351039870
1101	991	33620	4104945407828860458
1102	992	33631	10545309169351039870
1103	992	33631	10545309169351039870
1104	992	33631	10545309169351039870
1105	991	33613	17095129250593838721
1106	992	33631	10545309169351039870
1107	992	33631	10545309169351039870
1108	991	33617	1785412524198749474
1109	992	33631	10545309169351039870
1110	992	33631	10545309169351039870
1111	992	33631	10545309169351039870
1112	986	33503	9192815092019939387
1113	992	33631	10545309169351039870
1114	992	33631	10545309169351039870
1115	990	33598	4408139565463907142
1116	991	33606	1483866550263981817
1117	992	33631	10545309169351039870
1118	982	33441	12073009430774980938
1119	992	33631	10545309169351039870
1120	990	33595	16392956938483507155
1121	990	33607	3991827144238040690
1122	992	33631	10545309169351039870
1123	992	33631	10545309169351039870
1124	992	33631	10545309169351039870
1125	992	33631	10545309169351039870
1126	992	33631	10545309169351039870
1127	992	33631	10545309169351039870
1128	992	33631	10545309169351039870
1129	992	33631	10545309169351039870
1130	992	33631	10545309169351039870
1131	991	33618	6678653378725670488
1132	992	33631	10545309169351039870
1133	992	33631	10545309169351039870
1134	989	33587	3745390503472442840
1135	990	33596	2463233391631680005
1136	992	33631	10545309169351039870
1137	985	33506	8693606489413295847
1138	992	33631	10545309169351039870
1139	992	33631	10545309169351039870
1140	992	33631	10545309169351039870
1141	984	33493	16421546056255197673
1142	992	33631	10545309169351039870
1143	978	33361	14388723661004640637
1144	991	33620	4104945407828860458
1145	992	33631	10545309169351039870
1146	992	33631	10545309169351039870
1147	992	33631	10545309169351039870
1148	992	33631	10545309169351039870
1149	992	33631	10545309169351039870
1150	992	33631	10545309169351039870
1151	992	33631	10545309169351039870
1152	991	33622	17029105384225617647
1153	991	33618	6678653378725670488
1154	992	33631	10545309169351039870
1155	992	33631	10545309169351039870
1156	992	33631	10545309169351039870
1157	992	33631	10545309169351039870
1158	989	33580	1441830392363021694
1159	992	33631	10545309169351039870
1160	992	33631	10545309169351039870
1161	992	33631	10545309169351039870
1162	991	33613	17095129250593838721
1163	992	33631	10545309169351039870
1164	992	33631	10545309169351039870
1165	992	33631	10545309169351039870
1166	990	33600	1008482073634628865
1167	985	33498	14889031888594445492
1168	992	33631	10545309169351039870
1169	984	33471	10380231477947184118
1170	992	33631	10545309169351039870
1171	992	33631	10545309169351039870
1172	992	33631	10545309169351039870
1173	992	33631	10545309169351039870
1174	992	33631	10545309169351039870
1175	992	33631	10545309169351039870
1176	992	33631	10545309169351039870
1177	992	33631	10545309169351039870
1178	992	33631	10545309169351039870
1179	990	33596	2463233391631680005
1180	983	33464	2046542854007946943
1181	989	33573	15276900081858442865
1182	992	33631	10545309169351039870
1183	992	33631	10545309169351039870
1184	992	33631	10545309169351039870
1185	992	33631	10545309169351039870
1186	992	33631	10545309169351039870
1187	991	33606	1483866550263981817
1188	986	33516	12224949724721624524
1189	986	33520	8845996091557092689
1190	992	33631	10545309169351039870
1191	992	33631	10545309169351039870
1192	992	33631	10545309169351039870
1193	992	33631	10545309169351039870
1194	988	33572	1962547226411655511
1195	992	33631	10545309169351039870
1196	992	33631	10545309169351039870
1197	992	33631	10545309169351039870
1198	992	33631	10545309169351039870
1199	992	33631	10545309169351039870
1200	990	33590	3186542161001850286
1201	992	33631	10545309169351039870
1202	992	33631	10545309169351039870
1203	992	33631	10545309169351039870
1204	989	33576	3531798072827295674
1205	992	33631	10545309169351039870
1206	979	33394	15482279565191887532
1207	989	33578	12063622715527622574
1208	992	33631	10545309169351039870
1209	992	33631	10545309169351039870
1210	992	33631	10545309169351039870
1211	992	33631	10545309169351039870
1212	992	33631	10545309169351039870
1213	992	33631	10545309169351039870
1214	992	33631	10545309169351039870
1215	992	33631	10545309169351039870
1216	992	33631	10545309169351039870
1217	991	33622	17029105384225617647
1218	992	33631	10545309169351039870
1219	992	33631	10545309169351039870
1220	992	33631	10545309169351039870
1221	992	33631	10545309169351039870
1222	992	33631	10545309169351039870
1223	990	33611	5902047624239513567
1224	987	33553	5459052734077853401
1225	992	33631	10545309169351039870
1226	990	33598	4408139565463907142
1227	991	33606	1483866550263981817
1228	992	33631	10545309169351039870
1229	985	33508	10324182182730732366
1230	992	33631	10545309169351039870
1231	990	33596	2463233391631680005
1232	989	33584	3773492287704165520
1233	991	33613	17095129250593838721
1234	992	33631	10545309169351039870
1235	990	33596	2463233391631680005
1236	992	33631	10545309169351039870
1237	972	33287	14536778341564283399
1238	992	33631	10545309169351039870
1239	992	33631	10545309169351039870
1240	992	33631	10545309169351039870
1241	979	33359	2213354250553971329
1242	992	33631	10545309169351039870
1243	992	33631	10545309169351039870
1244	992	33631	10545309169351039870
1245	987	33551	13706632999186218594
1246	992	33631	10545309169351039870
1247	986	33533	6615592158017573033
1248	992	33631	10545309169351039870
1249	992	33631	10545309169351039870
1250	992	33631	10545309169351039870
1251	992	33631	10545309169351039870
1252	992	33631	10545309169351039870
1253	992	33631	10545309169351039870
1254	992	33631	10545309169351039870
1255	992	33631	10545309169351039870
1256	992	33631	10545309169351039870
1257	992	33631	10545309169351039870
1258	986	33533	6615592158017573033
1259	987	33538	18258487030213095612
1260	992	33631	10545309169351039870
1261	986	33520	8845996091557092689
1262	991	33608	15947974236841578877
1263	992	33631	10545309169351039870
1264	992	33631	10545309169351039870
1265	992	33631	10545309169351039870
1266	992	33631	10545309169351039870
1267	992	33631	10545309169351039870
1268	992	33631	10545309169351039870
1269	992	33631	10545309169351039870
1270	991	33606	1483866550263981817
1271	992	33631	10545309169351039870
1272	992	33631	10545309169351039870
1273	992	33631	10545309169351039870
1274	992	33631	10545309169351039870
1275	992	33631	10545309169351039870
1276	992	33631	10545309169351039870
1277	979	33354	12708303064005513938
1278	989	33571	6259373115517715441
1279	991	33614	17595594639116525262
1280	989	33585	8334544142525460458
1281	991	33615	907630998247137791
1282	992	33631	10545309169351039870
1283	992	33631	10545309169351039870
1284	992	33631	10545309169351039870
1285	992	33631	10545309169351039870
1286	992	33631	10545309169351039870
1287	992	33631	10545309169351039870
1288	992	33631	10545309169351039870
1289	992	33631	10545309169351039870
1290	992	33631	10545309169351039870
1291	992	33631	10545309169351039870
1292	990	33596	2463233391631680005
1293	992	33631	10545309169351039870
1294	992	33631	10545309169351039870
1295	992	33631	10545309169351039870
1296	992	33631	10545309169351039870
1297	988	33571	6247914903628877813
1298	991	33618	15708114862691874214
1299	992	33631	10545309169351039870
1300	990	33601	5661801772854935404
1301	992	33631	10545309169351039870
1302	992	33631	10545309169351039870
1303	992	33631	10545309169351039870
1304	992	33631	10545309169351039870
1305	991	33618	15708114862691874214
1306	990	33596	2463233391631680005
1307	989	33562	875028547239277638
1308	992	33631	10545309169351039870
1309	992	33631	10545309169351039870
1310	990	33596	2463233391631680005
1311	992	33631	10545309169351039870
1312	991	33608	15947974236841578877
1313	992	33631	10545309169351039870
1314	992	33631	10545309169351039870
1315	992	33631	10545309169351039870
1316	992	33631	10545309169351039870
1317	991	33613	17095129250593838721
1318	992	33631	10545309169351039870
1319	992	33631	10545309169351039870
1320	990	33585	13882414568854266083
1321	992	33631	10545309169351039870
1322	985	33511	8063486501511227248
1323	991	33622	17029105384225617647
1324	988	33559	4743039214280406173
1325	992	33631	10545309169351039870
1326	992	33631	10545309169351039870
1327	991	33619	8110861988044097121
1328	980	33394	11599036661289381018
1329	992	33631	10545309169351039870
1330	992	33631	10545309169351039870
1331	992	33631	10545309169351039870
1332	992	33631	10545309169351039870
1333	992	33631	10545309169351039870
1334	992	33631	10545309169351039870
1335	979	33363	14663364161042075614
1336	992	33631	10545309169351039870
1337	992	33631	10545309169351039870
1338	992	33631	10545309169351039870
1339	992	33631	10545309169351039870
1340	992	33631	10545309169351039870
1341	990	33590	6695544901582688668
1342	992	33631	10545309169351039870
1343	992	33631	10545309169351039870
1344	992	33631	10545309169351039870
1345	991	33622	17029105384225617647
1346	992	33631	10545309169351039870
1347	992	33631	10545309169351039870
1348	992	33631	10545309169351039870
1349	992	33631	10545309169351039870
1350	992	33631	10545309169351039870
1351	992	33631	10545309169351039870
1352	990	33598	4408139565463907142
1353	992	33631	10545309169351039870
1354	992	33631	10545309169351039870
1355	992	33631	10545309169351039870
1356	992	33631	10545309169351039870
1357	990	33598	4408139565463907142
1358	992	33631	10545309169351039870
1359	992	33631	10545309169351039870
1360	992	33631	10545309169351039870
1361	992	33631	10545309169351039870
1362	992	33631	10545309169351039870
1363	992	33631	10545309169351039870
1364	992	33631	10545309169351039870
1365	992	33631	10545309169351039870
1366	991	33622	17029105384225617647
1367	992	33631	10545309169351039870
1368	991	33620	4104945407828860458
1369	992	33631	10545309169351039870
1370	992	33631	10545309169351039870
1371	992	33631	10545309169351039870
1372	992	33631	10545309169351039870
1373	992	33631	10545309169351039870
1374	992	33631	10545309169351039870
1375	992	33631	10545309169351039870
1376	992	33631	10545309169351039870
1377	992	33631	10545309169351039870
1378	992	33631	10545309169351039870
1379	988	33565	8546292561868465874
1380	992	33631	10545309169351039870
1381	992	33631	10545309169351039870
1382	991	33618	6678653378725670488
1383	992	33631	10545309169351039870
1384	992	33631	10545309169351039870
1385	992	33631	10545309169351039870
1386	992	33631	10545309169351039870
1387	992	33631	10545309169351039870
1388	992	33631	10545309169351039870
1389	992	33631	10545309169351039870
1390	983	33464	2046542854007946943
1391	990	33604	5345104929189389174
1392	992	33631	10545309169351039870
1393	992	33631	10545309169351039870
1394	992	33631	10545309169351039870
1395	982	33436	2951490032525664209
1396	983	33482	13945976774392664341
1397	992	33631	10545309169351039870
1398	992	33631	10545309169351039870
1399	991	33622	17029105384225617647
1400	992	33631	10545309169351039870
1401	992	33631	10545309169351039870
1402	990	33598	4408139565463907142
1403	992	33631	10545309169351039870
1404	980	33421	2229934829484847473
1405	992	33631	10545309169351039870
1406	992	33631	10545309169351039870
1407	992	33631	10545309169351039870
1408	992	33631	10545309169351039870
1409	992	33631	10545309169351039870
1410	992	33631	10545309169351039870
1411	992	33631	10545309169351039870
1412	992	33631	10545309169351039870
1413	992	33631	10545309169351039870
1414	992	33631	10545309169351039870
1415	992	33631	10545309169351039870
1416	992	33631	10545309169351039870
1417	992	33631	10545309169351039870
1418	992	33631	10545309169351039870
1419	992	33631	10545309169351039870
1420	991	33613	17095129250593838721
1421	984	33486	12484996974563413684
1422	983	33464	2046542854007946943
1423	992	33631	10545309169351039870
1424	992	33631	10545309169351039870
1425	987	33554	10965331743816708204
1426	992	33631	10545309169351039870
1427	992	33631	10545309169351039870
1428	984	33469	12736237928340784003
1429	984	33498	10650123073267075460
1430	992	33631	10545309169351039870
1431	992	33631	10545309169351039870
1432	992	33631	10545309169351039870
1433	992	33631	10545309169351039870
1434	989	33571	8666294819198758766
1435	992	33631	10545309169351039870
1436	984	33486	12484996974563413684
1437	985	33495	10594613333261103985
1438	992	33631	10545309169351039870
1439	987	33549	1017302888863678436
1440	992	33631	10545309169351039870
1441	990	33598	4408139565463907142
1442	992	33631	10545309169351039870
1443	992	33631	10545309169351039870
1444	987	33544	6940367372272397602
1445	991	33622	17029105384225617647
1446	992	33631	10545309169351039870
1447	988	33578	2811334018575296587
1448	990	33596	586224725113717450
1449	989	33578	12063622715527622574
1450	992	33631	10545309169351039870
1451	992	33631	10545309169351039870
1452	992	33631	10545309169351039870
1453	991	33608	15947974236841578877
1454	991	33618	6678653378725670488
1455	992	33631	10545309169351039870
1456	992	33631	10545309169351039870
1457	992	33631	10545309169351039870
1458	992	33631	10545309169351039870
1459	984	33480	1248041400816485455
1460	992	33631	10545309169351039870
1461	990	33600	1008482073634628865
1462	992	33631	10545309169351039870
1463	992	33631	10545309169351039870
1464	992	33631	10545309169351039870
1465	992	33631	10545309169351039870
1466	992	33631	10545309169351039870
1467	992	33631	10545309169351039870
1468	992	33631	10545309169351039870
1469	992	33631	10545309169351039870
1470	992	33631	10545309169351039870
1471	992	33631	10545309169351039870
1472	986	33520	8845996091557092689
1473	992	33631	10545309169351039870
1474	991	33617	14811407271708118620
1475	992	33631	10545309169351039870
1476	992	33631	10545309169351039870
1477	992	33631	10545309169351039870
1478	992	33631	10545309169351039870
1479	992	33631	10545309169351039870
1480	992	33631	10545309169351039870
1481	992	33631	10545309169351039870
1482	991	33611	5861594459106503369
1483	983	33464	2046542854007946943
1484	991	33622	17029105384225617647
1485	990	33593	12663673588381151101
1486	988	33567	5111474334651183616
1487	992	33631	10545309169351039870
1488	992	33631	10545309169351039870
1489	992	33631	10545309169351039870
1490	990	33598	4408139565463907142
1491	992	33631	10545309169351039870
1492	992	33631	10545309169351039870
1493	992	33631	10545309169351039870
1494	989	33585	3061437443455336303
1495	986	33520	8845996091557092689
1496	992	33631	10545309169351039870
1497	991	33613	17095129250593838721
1498	992	33631	10545309169351039870
1499	989	33578	10914110871379240094
1500	992	33631	10545309169351039870
1501	989	33589	1976590123031794195
1502	988	33573	12143368076699481343
1503	992	33631	10545309169351039870
1504	992	33631	10545309169351039870
1505	991	33613	17095129250593838721
1506	992	33631	10545309169351039870
1507	992	33631	10545309169351039870
1508	992	33631	10545309169351039870
1509	992	33631	10545309169351039870
1510	992	33631	10545309169351039870
1511	986	33529	10321894246162155960
1512	984	33471	9841697940415820818
1513	987	33538	8445942246587822722
1514	992	33631	10545309169351039870
1515	991	33608	15947974236841578877
1516	992	33631	10545309169351039870
1517	992	33631	10545309169351039870
1518	984	33499	5674071413982612359
1519	986	33527	2572388595135612395
1520	992	33631	10545309169351039870
1521	983	33471	2737437639968295067
1522	992	33631	10545309169351039870
1523	992	33631	10545309169351039870
1524	988	33553	589152428212542509
1525	992	33631	10545309169351039870
1526	992	33631	10545309169351039870
1527	991	33618	15708114862691874214
1528	988	33562	6763285564361277645
1529	990	33598	4408139565463907142
1530	978	33334	15944282365359900861
1531	992	33631	10545309169351039870
1532	978	33338	16845649014726050477
1533	992	33631	10545309169351039870
1534	992	33631	10545309169351039870
1535	992	33631	10545309169351039870
1536	992	33631	10545309169351039870
1537	992	33631	10545309169351039870
1538	992	33631	10545309169351039870
1539	986	33519	16875529516498280627
1540	992	33631	10545309169351039870
1541	992	33631	10545309169351039870
1542	992	33631	10545309169351039870
1543	992	33631	10545309169351039870
1544	992	33631	10545309169351039870
1545	990	33609	3819771653980482635
1546	992	33631	10545309169351039870
1547	990	33598	4408139565463907142
1548	992	33631	10545309169351039870
1549	992	33631	10545309169351039870
1550	984	33488	5539252690543001169
1551	992	33631	10545309169351039870
1552	992	33631	10545309169351039870
1553	992	33631	10545309169351039870
1554	992	33631	10545309169351039870
1555	992	33631	10545309169351039870
1556	992	33631	10545309169351039870
1557	992	33631	10545309169351039870
1558	990	33608	18262326116906115016
1559	992	33631	10545309169351039870
1560	992	33631	10545309169351039870
1561	992	33631	10545309169351039870
1562	992	33631	10545309169351039870
1563	989	33579	14728704131118058081
1564	992	33631	10545309169351039870
1565	992	33631	10545309169351039870
1566	992	33631	10545309169351039870
1567	991	33608	15947974236841578877
1568	992	33631	10545309169351039870
1569	992	33631	10545309169351039870
1570	992	33631	10545309169351039870
1571	992	33631	10545309169351039870
1572	992	33631	10545309169351039870
1573	991	33618	12148985325542753075
1574	991	33606	1483866550263981817
1575	990	33598	4408139565463907142
1576	979	33411	5377770902131416133
1577	992	33631	10545309169351039870
1578	992	33631	10545309169351039870
1579	971	33193	3914703066871192781
1580	992	33631	10545309169351039870
1581	992	33631	10545309169351039870
1582	990	33596	2463233391631680005
1583	992	33631	10545309169351039870
1584	992	33631	10545309169351039870
1585	992	33631	10545309169351039870
1586	991	33606	1483866550263981817
1587	992	33631	10545309169351039870
1588	991	33613	17095129250593838721
1589	985	33504	11290467738523607127
1590	990	33598	4408139565463907142
1591	992	33631	10545309169351039870
1592	992	33631	10545309169351039870
1593	992	33631	10545309169351039870
1594	985	33529	16405216843644074385
1595	992	33631	10545309169351039870
1596	990	33596	2463233391631680005
1597	992	33631	10545309169351039870
1598	973	33226	233124895333268902
1599	984	33457	11763447265608508683
1600	992	33631	10545309169351039870
1601	990	33598	4408139565463907142
1602	973	33188	11473004376666083405
1603	992	33631	10545309169351039870
1604	987	33531	4665455004518729978
1605	992	33631	10545309169351039870
1606	992	33631	10545309169351039870
1607	992	33631	10545309169351039870
1608	984	33481	3723624022559900606
1609	988	33578	16830796502432426639
1610	992	33631	10545309169351039870
1611	992	33631	10545309169351039870
1612	992	33631	10545309169351039870
1613	985	33507	10067171710890620159
1614	991	33610	18107031588438395622
1615	989	33585	8334544142525460458
1616	992	33631	10545309169351039870
1617	992	33631	10545309169351039870
1618	991	33618	15708114862691874214
1619	992	33631	10545309169351039870
1620	992	33631	10545309169351039870
1621	992	33631	10545309169351039870
1622	992	33631	10545309169351039870
1623	990	33598	4408139565463907142
1624	988	33576	16732156211814418389
1625	992	33631	10545309169351039870
1626	991	33613	17095129250593838721
1627	992	33631	10545309169351039870
1628	992	33631	10545309169351039870
1629	992	33631	10545309169351039870
1630	992	33631	10545309169351039870
1631	992	33631	10545309169351039870
1632	988	33563	2516479656243369493
1633	992	33631	10545309169351039870
1634	987	33542	9754933886346947126
1635	991	33606	1483866550263981817
1636	985	33507	15299180010616026531
1637	992	33631	10545309169351039870
1638	984	33486	12484996974563413684
1639	992	33631	10545309169351039870
1640	986	33511	11320604198230784056
1641	992	33631	10545309169351039870
1642	990	33578	16399136910652543269
1643	992	33631	10545309169351039870
1644	991	33622	17029105384225617647
1645	991	33613	17095129250593838721
1646	992	33631	10545309169351039870
1647	992	33631	10545309169351039870
1648	992	33631	10545309169351039870
1649	992	33631	10545309169351039870
1650	990	33596	2463233391631680005
1651	991	33618	15708114862691874214
1652	992	33631	10545309169351039870
1653	989	33588	17267277780062654942
1654	992	33631	10545309169351039870
1655	992	33631	10545309169351039870
1656	992	33631	10545309169351039870
1657	977	33335	14124957176666221388
1658	991	33617	17919004202765132535
1659	992	33631	10545309169351039870
1660	992	33631	10545309169351039870
1661	992	33631	10545309169351039870
1662	992	33631	10545309169351039870
1663	992	33631	10545309169351039870
1664	992	33631	10545309169351039870
1665	992	33631	10545309169351039870
1666	992	33631	10545309169351039870
1667	992	33631	10545309169351039870
1668	992	33631	10545309169351039870
1669	992	33631	10545309169351039870
1670	992	33631	10545309169351039870
1671	992	33631	10545309169351039870
1672	992	33631	10545309169351039870
1673	991	33618	6678653378725670488
1674	992	33631	10545309169351039870
1675	991	33608	15947974236841578877
1676	988	33576	12690975680138497299
1677	992	33631	10545309169351039870
1678	989	33577	9236107376449525870
1679	992	33631	10545309169351039870
1680	992	33631	10545309169351039870
1681	991	33618	12148985325542753075
1682	992	33631	10545309169351039870
1683	992	33631	10545309169351039870
1684	984	33467	10706038884488562278
1685	992	33631	10545309169351039870
1686	991	33622	17029105384225617647
1687	992	33631	10545309169351039870
1688	989	33573	2032179968459286369
1689	992	33631	10545309169351039870
1690	992	33631	10545309169351039870
1691	992	33631	10545309169351039870
1692	991	33618	6678653378725670488
1693	992	33631	10545309169351039870
1694	992	33631	10545309169351039870
1695	992	33631	10545309169351039870
1696	992	33631	10545309169351039870
1697	992	33631	10545309169351039870
1698	992	33631	10545309169351039870
1699	992	33631	10545309169351039870
1700	976	33334	2831070445523912761
1701	992	33631	10545309169351039870
1702	980	33376	15012646348813939350
1703	988	33571	6463662667130930222
1704	992	33631	10545309169351039870
1705	992	33631	10545309169351039870
1706	992	33631	10545309169351039870
1707	992	33631	10545309169351039870
1708	992	33631	10545309169351039870
1709	992	33631	10545309169351039870
1710	992	33631	10545309169351039870
1711	992	33631	10545309169351039870
1712	992	33631	10545309169351039870
1713	992	33631	10545309169351039870
1714	992	33631	10545309169351039870
1715	992	33631	10545309169351039870
1716	985	33473	4267138859594077192
1717	992	33631	10545309169351039870
1718	992	33631	10545309169351039870
1719	992	33631	10545309169351039870
1720	992	33631	10545309169351039870
1721	989	33585	8334544142525460458
1722	991	33618	15708114862691874214
1723	992	33631	10545309169351039870
1724	992	33631	10545309169351039870
1725	992	33631	10545309169351039870
1726	992	33631	10545309169351039870
1727	992	33631	10545309169351039870
1728	992	33631	10545309169351039870
1729	992	33631	10545309169351039870
1730	992	33631	10545309169351039870
1731	992	33631	10545309169351039870
1732	992	33631	10545309169351039870
1733	992	33631	10545309169351039870
1734	992	33631	10545309169351039870
1735	992	33631	10545309169351039870
1736	991	33622	17029105384225617647
1737	988	33555	14670488297397578803
1738	991	33608	15947974236841578877
1739	992	33631	10545309169351039870
1740	992	33631	10545309169351039870
1741	992	33631	10545309169351039870
1742	992	33631	10545309169351039870
1743	992	33631	10545309169351039870
1744	988	33573	12143368076699481343
1745	992	33631	10545309169351039870
1746	992	33631	10545309169351039870
1747	992	33631	10545309169351039870
1748	992	33631	10545309169351039870
1749	979	33405	6672490522318637712
1750	992	33631	10545309169351039870
1751	992	33631	10545309169351039870
1752	992	33631	10545309169351039870
1753	992	33631	10545309169351039870
1754	992	33631	10545309169351039870
1755	991	33618	15708114862691874214
1756	992	33631	10545309169351039870
1757	992	33631	10545309169351039870
1758	991	33620	4104945407828860458
1759	984	33480	6277352234144171669
1760	992	33631	10545309169351039870
1761	992	33631	10545309169351039870
1762	992	33631	10545309169351039870
1763	992	33631	10545309169351039870
1764	992	33631	10545309169351039870
1765	992	33631	10545309169351039870
1766	992	33631	10545309169351039870
1767	986	33524	2557950819215808679
1768	992	33631	10545309169351039870
1769	992	33631	10545309169351039870
1770	992	33631	10545309169351039870
1771	992	33631	10545309169351039870
1772	992	33631	10545309169351039870
1773	992	33631	10545309169351039870
1774	992	33631	10545309169351039870
1775	992	33631	10545309169351039870
1776	992	33631	10545309169351039870
1777	990	33602	5141297208079355209
1778	992	33631	10545309169351039870
1779	992	33631	10545309169351039870
1780	992	33631	10545309169351039870
1781	992	33631	10545309169351039870
1782	990	33598	4408139565463907142
1783	992	33631	10545309169351039870
1784	992	33631	10545309169351039870
1785	992	33631	10545309169351039870
1786	992	33631	10545309169351039870
1787	992	33631	10545309169351039870
1788	992	33631	10545309169351039870
1789	992	33631	10545309169351039870
1790	992	33631	10545309169351039870
1791	982	33459	11876831299957483857
1792	991	33608	15947974236841578877
1793	992	33631	10545309169351039870
1794	991	33613	17095129250593838721
1795	992	33631	10545309169351039870
1796	992	33631	10545309169351039870
1797	992	33631	10545309169351039870
1798	985	33509	2682820243615603003
1799	991	33618	6678653378725670488
1800	992	33631	10545309169351039870
1801	992	33631	10545309169351039870
1802	992	33631	10545309169351039870
1803	991	33618	15708114862691874214
1804	992	33631	10545309169351039870
1805	992	33631	10545309169351039870
1806	992	33631	10545309169351039870
1807	990	33578	16399136910652543269
1808	992	33631	10545309169351039870
1809	989	33578	12063622715527622574
1810	991	33620	4104945407828860458
1811	983	33464	2046542854007946943
1812	992	33631	10545309169351039870
1813	992	33631	10545309169351039870
1814	985	33497	17885549223440369263
1815	987	33543	15196250235575581512
1816	992	33631	10545309169351039870
1817	992	33631	10545309169351039870
1818	992	33631	10545309169351039870
1819	992	33631	10545309169351039870
1820	985	33507	10067171710890620159
1821	992	33631	10545309169351039870
1822	987	33528	4057543058626812713
1823	992	33631	10545309169351039870
1824	977	33356	15090620547173098024
1825	992	33631	10545309169351039870
1826	992	33631	10545309169351039870
1827	992	33631	10545309169351039870
1828	992	33631	10545309169351039870
1829	991	33617	3746799428811124333
1830	992	33631	10545309169351039870
1831	985	33497	7093616656127075270
1832	992	33631	10545309169351039870
1833	992	33631	10545309169351039870
1834	990	33598	4408139565463907142
1835	992	33631	10545309169351039870
1836	987	33546	6378390410320737707
1837	992	33631	10545309169351039870
1838	992	33631	10545309169351039870
1839	992	33631	10545309169351039870
1840	992	33631	10545309169351039870
1841	992	33631	10545309169351039870
1842	992	33631	10545309169351039870
1843	992	33631	10545309169351039870
1844	992	33631	10545309169351039870
1845	992	33631	10545309169351039870
1846	989	33585	1018601633535423076
1847	986	33529	10321894246162155960
1848	992	33631	10545309169351039870
1849	991	33622	17029105384225617647
1850	987	33562	8512593710049886959
1851	992	33631	10545309169351039870
1852	992	33631	10545309169351039870
1853	989	33583	1996614307489757138
1854	992	33631	10545309169351039870
1855	991	33608	15947974236841578877
1856	990	33598	4408139565463907142
1857	992	33631	10545309169351039870
1858	991	33618	15708114862691874214
1859	992	33631	10545309169351039870
1860	990	33596	2463233391631680005
1861	992	33631	10545309169351039870
1862	992	33631	10545309169351039870
1863	992	33631	10545309169351039870
1864	992	33631	10545309169351039870
1865	992	33631	10545309169351039870
1866	990	33598	4408139565463907142
1867	992	33631	10545309169351039870
1868	992	33631	10545309169351039870
1869	992	33631	10545309169351039870
1870	992	33631	10545309169351039870
1871	992	33631	10545309169351039870
1872	992	33631	10545309169351039870
1873	992	33631	10545309169351039870
1874	992	33631	10545309169351039870
1875	992	33631	10545309169351039870
1876	992	33631	10545309169351039870
1877	986	33519	4424856846369589399
1878	992	33631	10545309169351039870
1879	984	33486	13340838308155740674
1880	992	33631	10545309169351039870
1881	992	33631	10545309169351039870
1882	992	33631	10545309169351039870
1883	988	33561	11325103519139099724
1884	992	33631	10545309169351039870
1885	992	33631	10545309169351039870
1886	992	33631	10545309169351039870
1887	992	33631	10545309169351039870
1888	992	33631	10545309169351039870
1889	992	33631	10545309169351039870
1890	992	33631	10545309169351039870
1891	992	33631	10545309169351039870
1892	989	33596	12136857621631527520
1893	992	33631	10545309169351039870
1894	992	33631	10545309169351039870
1895	990	33590	3186542161001850286
1896	984	33492	6352008726816469413
1897	990	33596	2463233391631680005
1898	989	33572	5754659287916965037
1899	983	33453	1131455991208530478
1900	992	33631	10545309169351039870
1901	990	33605	7571008698324060891
1902	992	33631	10545309169351039870
1903	992	33631	10545309169351039870
1904	992	33631	10545309169351039870
1905	992	33631	10545309169351039870
1906	991	33622	17029105384225617647
1907	989	33573	10487588786314258031
1908	992	33631	10545309169351039870
1909	986	33520	8845996091557092689
1910	992	33631	10545309169351039870
1911	992	33631	10545309169351039870
1912	992	33631	10545309169351039870
1913	992	33631	10545309169351039870
1914	984	33486	12484996974563413684
1915	992	33631	10545309169351039870
1916	992	33631	10545309169351039870
1917	992	33631	10545309169351039870
1918	992	33631	10545309169351039870
1919	988	33559	7465745681046156859
1920	987	33542	9754933886346947126
1921	992	33631	10545309169351039870
1922	992	33631	10545309169351039870
1923	992	33631	10545309169351039870
1924	981	33423	18102580585200887219
1925	990	33590	13351340235665008587
1926	982	33498	2820657880676936202
1927	992	33631	10545309169351039870
1928	992	33631	10545309169351039870
1929	991	33613	17095129250593838721
1930	992	33631	10545309169351039870
1931	986	33527	6105854905932400136
1932	992	33631	10545309169351039870
1933	992	33631	10545309169351039870
1934	992	33631	10545309169351039870
1935	992	33631	10545309169351039870
1936	992	33631	10545309169351039870
1937	992	33631	10545309169351039870
1938	992	33631	10545309169351039870
1939	992	33631	10545309169351039870
1940	992	33631	10545309169351039870
1941	992	33631	10545309169351039870
1942	992	33631	10545309169351039870
1943	992	33631	10545309169351039870
1944	992	33631	10545309169351039870
1945	992	33631	10545309169351039870
1946	992	33631	10545309169351039870
1947	988	33563	2516479656243369493
1948	973	33291	16544827245554554397
1949	992	33631	10545309169351039870
1950	992	33631	10545309169351039870
1951	986	33520	8845996091557092689
1952	983	33454	10376939554076651197
1953	992	33631	10545309169351039870
1954	990	33598	5493055446599908213
1955	976	33309	6719688825976579476
1956	992	33631	10545309169351039870
1957	992	33631	10545309169351039870
1958	982	33466	2210847761304720268
1959	991	33618	6678653378725670488
1960	990	33598	4408139565463907142
1961	992	33631	10545309169351039870
1962	992	33631	10545309169351039870
1963	992	33631	10545309169351039870
1964	992	33631	10545309169351039870
1965	987	33542	9754933886346947126
1966	991	33613	17095129250593838721
1967	992	33631	10545309169351039870
1968	992	33631	10545309169351039870
1969	992	33631	10545309169351039870
1970	976	33383	6480728378557719920
1971	992	33631	10545309169351039870
1972	990	33578	16399136910652543269
1973	992	33631	10545309169351039870
1974	985	33511	2712629332445410128
1975	992	33631	10545309169351039870
1976	990	33598	4408139565463907142
1977	992	33631	10545309169351039870
1978	992	33631	10545309169351039870
1979	992	33631	10545309169351039870
1980	991	33613	17095129250593838721
1981	992	33631	10545309169351039870
1982	986	33520	8845996091557092689
1983	992	33631	10545309169351039870
1984	992	33631	10545309169351039870
1985	992	33631	10545309169351039870
1986	992	33631	10545309169351039870
1987	990	33609	3819771653980482635
1988	992	33631	10545309169351039870
1989	992	33631	10545309169351039870
1990	992	33631	10545309169351039870
1991	992	33631	10545309169351039870
1992	989	33573	17479635335533624425
1993	992	33631	10545309169351039870
1994	990	33604	14901169886028317355
1995	992	33631	10545309169351039870
1996	992	33631	10545309169351039870
1997	992	33631	10545309169351039870
1998	991	33606	1483866550263981817
1999	992	33631	10545309169351039870
